{
  "root": true,
  "project": {
    "name": "Oblig 8 Tomasz Janus"
  },
  "api": {
    "projectId": "fev482lu",
    "dataset": "production"
  },
  "plugins": [
    "@sanity/base",
    "@sanity/default-layout",
    "@sanity/default-login",
    "@sanity/desk-tool",
    "@sanity/google-maps-input"
  ],
  "env": {
    "development": {
      "plugins": [
        "@sanity/vision"
      ]
    }
  },
  "parts": [
    {
      "name": "part:@sanity/base/schema",
      "path": "./schemas/schema"
    }
  ]
}
